{
	"system" : {
		"platform" : "windows64",
		"os_name" : "Windows 7",
		"os_version" : "6.2"
	},
	"error" : {
		"error_message" : "Access Violation at 0X00007FF8D78B9852",
		"source_file" : "unknown",
		"line" : "0",
		"stack_trace" : "\t0x7ff8d78b9851: (?clear_msg@QUI_DISPLAY@@QEAAXXZ + 0x91)\n\t0x7ff8d78cd0fb: (?ntfq_msg_post_notify_project_close@QUI_FRAME_WND@@UEAA_N_K_N@Z + 0x4b)\n\t0x7ff8e4ad1110: (?dispatch_notify_msg@NTFQ_NOTIFY_TARGET@@IEAA_NPEBVNTFQ_NOTIFY_MAP@@I_K_N@Z + 0x60)\n\t0x7ff8e4ad126a: (?on_ntfq_notify@NTFQ_NOTIFY_TARGET@@UEAA_NI_K_N@Z + 0x3a)\n\t0x7ff8e4ad1638: (?on_ntfq_notify@NTFQ_NOTIFY_TARGET@@UEAA_NI_K_N@Z + 0x408)\n\t0x7ff8d9ab4ccd: (?close_impl@PROJ_PROJECT@@AEAA_NXZ + 0x2ad)\n\t0x7ff8d9ab814e: (?close@PROJ_PROJECT@@SA_NXZ + 0x6e)\n\t0x7ff8d78d2c92: (?closeEvent@QUI_FRAME_WND@@MEAAXPEAVQCloseEvent@@@Z + 0x202)\n\t 0x6164a551: (?event@QWidget@@MEAA_NPEAVQEvent@@@Z + 0x4c1)\n\t 0x619789a4: (?event@QMainWindow@@MEAA_NPEAVQEvent@@@Z + 0x284)\n\t 0x616028f5: (?notify_helper@QApplicationPrivate@@QEAA_NPEAVQObject@@PEAVQEvent@@@Z + 0xf5)\n\t 0x61605297: (?notify@QApplication@@UEAA_NPEAVQObject@@PEAVQEvent@@@Z + 0x17f7)\n\t 0x6140a7c1: (?notifyInternal@QCoreApplication@@AEAA_NPEAVQObject@@PEAVQEvent@@@Z + 0x71)\n\t 0x61649d74: (?close_helper@QWidgetPrivate@@QEAA_NW4CloseMode@1@@Z + 0xa4)\n\t 0x616646c0: (?restoreOverrideCursor@QApplication@@SAXXZ + 0x10b0)\n\t0x7ff8e96b2433: (DispatchMessageW + 0x153)\n\t0x7ff8e96b3fe1: (OffsetRect + 0x181)\n\t0x7ff8e96b409c: (OffsetRect + 0x23c)\n\t0x7ff8eb11c99e: (KiUserCallbackDispatcher + 0x1e)\n\t0x7ff8e96b1fe9: (WindowFromPhysicalPoint + 0x19)\n\t0x7ff8e96b4b4e: (GetParent + 0x30e)\n\t0x7ff8e96b458d: (GetWindowLongPtrA + 0x30d)\n\t0x7ff8e712ee61: (Ordinal110 + 0xd6d)\n\t0x7ff8e70e178e: (Ordinal43 + 0x15a)\n\t0x7ff8e70c1894:\n\t0x7ff8e96b4516: (GetWindowLongPtrA + 0x296)\n\t 0x61ad9b17: (?sendEvent@QInputContext@@QEAAXAEBVQInputMethodEvent@@@Z + 0x2e7)\n\t 0x61665ebf: (?restoreOverrideCursor@QApplication@@SAXXZ + 0x28af)\n\t0x7ff8e96b44d4: (GetWindowLongPtrA + 0x254)\n\t0x7ff8e96b3fe1: (OffsetRect + 0x181)\n\t0x7ff8e96b409c: (OffsetRect + 0x23c)\n\t0x7ff8eb11c99e: (KiUserCallbackDispatcher + 0x1e)\n\t0x7ff8e96b1fe9: (WindowFromPhysicalPoint + 0x19)\n\t0x7ff8e96b4b4e: (GetParent + 0x30e)\n\t0x7ff8e96b458d: (GetWindowLongPtrA + 0x30d)\n\t0x7ff8e712ee1d: (Ordinal110 + 0xd29)\n\t0x7ff8e70e178e: (Ordinal43 + 0x15a)\n\t0x7ff8e70c1894:\n\t0x7ff8e96b4516: (GetWindowLongPtrA + 0x296)\n\t 0x61ad9b17: (?sendEvent@QInputContext@@QEAAXAEBVQInputMethodEvent@@@Z + 0x2e7)\n\t 0x61665ebf: (?restoreOverrideCursor@QApplication@@SAXXZ + 0x28af)\n\t0x7ff8e96b2433: (DispatchMessageW + 0x153)\n\t0x7ff8e96b2296: (IsThreadDesktopComposited + 0x1f6)\n\t 0x61432f69: (?processEvents@QEventDispatcherWin32@@UEAA_NV?$QFlags@W4ProcessEventsFlag@QEventLoop@@@@@Z + 0x3b9)\n\t 0x61663564: (?translateTouchEvent@QApplicationPrivate@@QEAA_NAEBUtagMSG@@@Z + 0x884)\n\t 0x61409cf0: (?exec@QEventLoop@@QEAAHV?$QFlags@W4ProcessEventsFlag@QEventLoop@@@@@Z + 0x230)\n\t 0x6140e5ff: (?exec@QCoreApplication@@SAHXZ + 0xdf)\n\t0x7ff7e844108e:\n\t0x7ff8dde89678: (?msg_exe_fini@@YAXXZ + 0x58)\n\t0x7ff8dde8978c: (?msg_exe_fini@@YAXXZ + 0x16c)\n\t0x7ff8ddf612c4: (??1MEM_INITIALIZER@@QEAA@XZ + 0x184)\n\t0x7ff8dde8abe9: (?msg_exe_main@@YAHHPEAPEBDP6AHH0@Z@Z + 0x99)\n\t0x7ff7e8441ab2:\n\t0x7ff7e84413de:\n\t0x7ff8e88f16ac: (BaseThreadInitThunk + 0xc)\n\t0x7ff8eb0f4628: (RtlUserThreadStart + 0x1c)\n",
		"subsystem" : "unknown",
		"executable" : "quartus",
		"comment" : "not_applicable"
	},
	"quartus" : {
		"quartus_bits" : "64",
		"version" : "14.0.0",
		"build" : "200",
		"edition" : "Web Edition"
	}
}