{
	"system" : {
		"platform" : "windows64",
		"os_name" : "Windows 7",
		"os_version" : "6.2"
	},
	"error" : {
		"error_message" : "Access Violation at 0X00007FFB0197AF07",
		"source_file" : "unknown",
		"line" : "0",
		"stack_trace" : "\t0x7ffb0197af06: (?write_message@MSG_REPORT_FILE@@QEAA_NPEAVMSG_POST@@@Z + 0x36)\n\t0x7ffb00109dce: (?save_msg@QUI_DISPLAY@@QEAAXAEBVFIO_PATH@@@Z + 0x19e)\n\t0x7ffb00125815: (?get_feedback_area@QUI_FRAME_WND@@QEAA?AV?$basic_string@DU?$char_traits@D@_Dinkum_std@@V?$MEM_STL_ALLOCATOR@D@@@_Dinkum_std@@PEAV1@@Z + 0x3d5)\n\t0x7ffb001262cd: (?flow_starting_setup@QUI_FRAME_WND@@QEAA_NW4FSTR_FLOW_ENUM@@_N@Z + 0x7d)\n\t0x7ffb00103ba1: (?start_flow@QUI_APP@@QEAA_NW4FSTR_FLOW_ENUM@@AEBV?$basic_string@DU?$char_traits@D@_Dinkum_std@@V?$MEM_STL_ALLOCATOR@D@@@_Dinkum_std@@_N22@Z + 0x51)\n\t0x7ffb001139d4: (?start_flow@QUI_FRAME_WND@@QEAA_NW4FSTR_FLOW_ENUM@@AEBV?$basic_string@DU?$char_traits@D@_Dinkum_std@@V?$MEM_STL_ALLOCATOR@D@@@_Dinkum_std@@_N22@Z + 0x44)\n\t0x7ffb00137a2d: (?start_compile_action@QUI_PROCESSING_MENU@@UEAAXXZ + 0x5d)\n\t 0x75f6eb5a: (?activate@QMetaObject@@SAXPEAVQObject@@PEBU1@HPEAPEAX@Z + 0x53a)\n\t 0x74dfdd2f: (?activate@QAction@@QEAAXW4ActionEvent@1@@Z + 0xdf)\n\t 0x75133e65: (?setId@QButtonGroup@@QEAAXPEAVQAbstractButton@@H@Z + 0xa45)\n\t 0x75134219: (?mouseReleaseEvent@QAbstractButton@@MEAAXPEAVQMouseEvent@@@Z + 0x59)\n\t 0x751dd62e: (?mouseReleaseEvent@QToolButton@@MEAAXPEAVQMouseEvent@@@Z + 0xe)\n\t 0x74e5a164: (?event@QWidget@@MEAA_NPEAVQEvent@@@Z + 0xd4)\n\t 0x74e128f5: (?notify_helper@QApplicationPrivate@@QEAA_NPEAVQObject@@PEAVQEvent@@@Z + 0xf5)\n\t 0x74e141ab: (?notify@QApplication@@UEAA_NPEAVQObject@@PEAVQEvent@@@Z + 0x70b)\n\t 0x75f5a7c1: (?notifyInternal@QCoreApplication@@AEAA_NPEAVQObject@@PEAVQEvent@@@Z + 0x71)\n\t 0x74e1371c: (?sendMouseEvent@QApplicationPrivate@@SA_NPEAVQWidget@@PEAVQMouseEvent@@00PEAPEAV2@AEAV?$QPointer@VQWidget@@@@_N@Z + 0x1ec)\n\t 0x74e71647: (?winFocus@QApplication@@QEAAXPEAVQWidget@@_N@Z + 0xd67)\n\t 0x74e73f4c: (?restoreOverrideCursor@QApplication@@SAXXZ + 0x93c)\n\t0x7ffb13fd2433: (DispatchMessageW + 0x153)\n\t0x7ffb13fd2296: (IsThreadDesktopComposited + 0x1f6)\n\t 0x75f82f69: (?processEvents@QEventDispatcherWin32@@UEAA_NV?$QFlags@W4ProcessEventsFlag@QEventLoop@@@@@Z + 0x3b9)\n\t 0x74e73564: (?translateTouchEvent@QApplicationPrivate@@QEAA_NAEBUtagMSG@@@Z + 0x884)\n\t 0x75f59cf0: (?exec@QEventLoop@@QEAAHV?$QFlags@W4ProcessEventsFlag@QEventLoop@@@@@Z + 0x230)\n\t 0x75f5e5ff: (?exec@QCoreApplication@@SAHXZ + 0xdf)\n\t0x7ff719b7108e:\n\t0x7ffb01939678: (?msg_exe_fini@@YAXXZ + 0x58)\n\t0x7ffb0193978c: (?msg_exe_fini@@YAXXZ + 0x16c)\n\t0x7ffb01e012c4: (??1MEM_INITIALIZER@@QEAA@XZ + 0x184)\n\t0x7ffb0193abe9: (?msg_exe_main@@YAHHPEAPEBDP6AHH0@Z@Z + 0x99)\n\t0x7ff719b71ab2:\n\t0x7ff719b713de:\n\t0x7ffb142e16ac: (BaseThreadInitThunk + 0xc)\n\t0x7ffb163a4628: (RtlUserThreadStart + 0x1c)\n",
		"subsystem" : "unknown",
		"executable" : "quartus",
		"comment" : "not_applicable"
	},
	"quartus" : {
		"quartus_bits" : "64",
		"version" : "14.0.0",
		"build" : "200",
		"edition" : "Web Edition"
	}
}